Method,Accuracy,F1,AUC
Majority Class,0.625,0.4807692307692308,0.5
Random,0.5576923076923077,0.5594468293213063,0.5
ResNet50,0.8477564102564102,0.8496647622896125,0.9267915844838922
